<?xml version="1.0" encoding="utf-8" standalone="no"?>
<!DOCTYPE properties SYSTEM "http://java.sun.com/dtd/properties.dtd">
<properties>
<comment>FileVault Package Properties</comment>
<entry key="createdBy">admin</entry>
<entry key="name">jeep-painel</entry>
<entry key="lastModified">2015-02-12T13:44:21.198-02:00</entry>
<entry key="lastModifiedBy">admin</entry>
<entry key="created">2015-02-12T13:44:21.224-02:00</entry>
<entry key="buildCount">1</entry>
<entry key="version">1</entry>
<entry key="dependencies"/>
<entry key="packageFormatVersion">2</entry>
<entry key="description"/>
<entry key="lastWrapped">2015-02-12T13:44:21.198-02:00</entry>
<entry key="group">my_packages</entry>
<entry key="lastWrappedBy">admin</entry>
</properties>
